{
  "number": {
    "precision": 1.0,
    "recall": 0.5,
    "f1-score": 0.6666666666666666,
    "support": 4,
    "confused_with": {
      "item": 1
    }
  },
  "item": {
    "precision": 0.9775280898876404,
    "recall": 0.9886363636363636,
    "f1-score": 0.983050847457627,
    "support": 88,
    "confused_with": {}
  },
  "micro avg": {
    "precision": 0.978021978021978,
    "recall": 0.967391304347826,
    "f1-score": 0.9726775956284153,
    "support": 92
  },
  "macro avg": {
    "precision": 0.9887640449438202,
    "recall": 0.7443181818181819,
    "f1-score": 0.8248587570621468,
    "support": 92
  },
  "weighted avg": {
    "precision": 0.978505129457743,
    "recall": 0.967391304347826,
    "f1-score": 0.9692950135101941,
    "support": 92
  }
}