{
  "add_item": {
    "precision": 0.8333333333333334,
    "recall": 0.7142857142857143,
    "f1-score": 0.7692307692307692,
    "support": 7,
    "confused_with": {
      "show_list": 1,
      "inform": 1
    }
  },
  "inform": {
    "precision": 0.9880952380952381,
    "recall": 0.9880952380952381,
    "f1-score": 0.9880952380952381,
    "support": 84,
    "confused_with": {
      "add_item": 1
    }
  },
  "show_list": {
    "precision": 0.8571428571428571,
    "recall": 1.0,
    "f1-score": 0.923076923076923,
    "support": 6,
    "confused_with": {}
  },
  "accuracy": 0.9690721649484536,
  "macro avg": {
    "precision": 0.8928571428571429,
    "recall": 0.9007936507936508,
    "f1-score": 0.8934676434676434,
    "support": 97
  },
  "weighted avg": {
    "precision": 0.9688267059401079,
    "recall": 0.9690721649484536,
    "f1-score": 0.9682791435368755,
    "support": 97
  }
}