{
  "number": {
    "precision": 1.0,
    "recall": 0.5,
    "f1-score": 0.6666666666666666,
    "support": 4,
    "confused_with": {
      "item": 2
    }
  },
  "item": {
    "precision": 0.967032967032967,
    "recall": 1.0,
    "f1-score": 0.9832402234636871,
    "support": 88,
    "confused_with": {}
  },
  "micro avg": {
    "precision": 0.967741935483871,
    "recall": 0.9782608695652174,
    "f1-score": 0.972972972972973,
    "support": 92
  },
  "macro avg": {
    "precision": 0.9835164835164836,
    "recall": 0.75,
    "f1-score": 0.8249534450651769,
    "support": 92
  },
  "weighted avg": {
    "precision": 0.9684663162924032,
    "recall": 0.9782608695652174,
    "f1-score": 0.9694761557768602,
    "support": 92
  }
}