{
  "show_list": {
    "precision": 0.8571428571428571,
    "recall": 1.0,
    "f1-score": 0.923076923076923,
    "support": 6,
    "confused_with": {}
  },
  "add_item": {
    "precision": 1.0,
    "recall": 0.7142857142857143,
    "f1-score": 0.8333333333333333,
    "support": 7,
    "confused_with": {
      "show_list": 1,
      "inform": 1
    }
  },
  "inform": {
    "precision": 0.9882352941176471,
    "recall": 1.0,
    "f1-score": 0.9940828402366864,
    "support": 84,
    "confused_with": {}
  },
  "accuracy": 0.979381443298969,
  "macro avg": {
    "precision": 0.9484593837535015,
    "recall": 0.9047619047619048,
    "f1-score": 0.9168310322156475,
    "support": 97
  },
  "weighted avg": {
    "precision": 0.9809754829766958,
    "recall": 0.979381443298969,
    "f1-score": 0.978090241769861,
    "support": 97
  }
}