{
  "number": {
    "precision": 1.0,
    "recall": 0.4,
    "f1-score": 0.5714285714285715,
    "support": 5,
    "confused_with": {
      "item": 2
    }
  },
  "item": {
    "precision": 0.967032967032967,
    "recall": 0.9777777777777777,
    "f1-score": 0.9723756906077348,
    "support": 90,
    "confused_with": {}
  },
  "micro avg": {
    "precision": 0.967741935483871,
    "recall": 0.9473684210526315,
    "f1-score": 0.9574468085106383,
    "support": 95
  },
  "macro avg": {
    "precision": 0.9835164835164836,
    "recall": 0.6888888888888889,
    "f1-score": 0.7719021310181531,
    "support": 95
  },
  "weighted avg": {
    "precision": 0.968768074031232,
    "recall": 0.9473684210526315,
    "f1-score": 0.9512732106509367,
    "support": 95
  }
}